X,Y,OBJECTID,PROGRAM_NAME,DESCRIPTION,WEBSITE_URL,CITY,STATE,ACCESSIBILITY_SERVICES,ADULT_LITERACY,ART_THERAPY,ASSESSMENT,BORROW_MATERIALS,CASE_MANAGEMENT,CHILD_CARE,CLOTHING,COMPUTERS,DENTAL_SERVICES,DOCUMENTATION_ASSISTANCE,DOMESTIC_VIOLENCE_SERVICES,FOOD_GROCERIES,GROUPS,HAIRCUTS,HARM_REDUCTION,HIV_TESTING,HOUSING,HOUSING_NAVIGATION,INCOME_TAX_HELP,LAUNDRY,LIBRARY_CARD,LEGAL_SERVICES,MEDICAL_BENEFITS,MEDICAL_SERVICES,MAIL,MEALS,MENTAL_HEALTH,MINISTRY,PHONE,PUBLIC_RESTROOMS,REFRESHMENTS,SHOWERS,SNAP_FOOD_STAMPS,STORAGE,SUBSTANCE_ABUSE_TREATMENT,SUPPORTED_EMPLOYMENT,TANF_FINANCIAL_ASSISTANCE,TRANSPORTATION,VOCATIONAL_TRAINING,CLIENTS_SERVED_PER_DAY,TARGET,OPEN_TO_PUBLIC,HOURS_OF_OPERATION,RECORD_LAST_UPDATED,LATITUDE,LONGITUDE,LGBTQ_FOCUSED,PHONE_NUMBER,XCOORD,YCOORD,WARD,NAME,ADDRESS,ZIPCODE,MAR_ID,GIS_ID,GLOBALID,CREATOR,CREATED,EDITOR,EDITED
-8574610.61916343,4718848.44161087,1,Shepherd Park Library,,https://www.dclibrary.org/node/10380,Washington,DC,,,,,Yes,,,,Yes,,,,,,,,,,,,,Yes,,,,,,,,,,,,,,,,,,Yes,,Men & Women,Yes,,2017/09/12 04:00:00+00,38.98028088,-77.02703545,,,397657.48,145817.5,Ward 4,DC Public Library,7420 GEORGIA AVENUE NW,20012,253522,HomelessServicePt_1,{0FCDF887-B835-4FA2-832E-4E9B3B105E22},,,,
-8573844.89865364,4718011.58621256,2,Takoma Library,,https://www.dclibrary.org/node/10402,Washington,DC,,,,,Yes,,,,Yes,,,,,,,,,,,,,Yes,,,,,,,,,,,,,,,,,,Yes,,Men & Women,Yes,,2017/09/12 04:00:00+00,38.97443675,-77.02015687,,,398253.34,145168.59,Ward 4,DC Public Library,416 CEDAR STREET NW,20012,251267,HomelessServicePt_2,{744FBE9D-A152-4D3E-BE6D-50786440474A},,,,
-8574613.42002621,4716934.45242759,3,Headquarters,,https://contemporaryservices.net/,Washington ,DC,,,,,,,,,,,,,,,,,,,,,,,,,,,,Yes,,,,,,,,,,,,,,Families,,,2017/09/12 04:00:00+00,38.96691392,-77.02706061,,,397654.86,144333.64,Ward 4,Contemporary Family Services,6323 GEORGIA AVENUE NW,20011,254165,HomelessServicePt_3,{688E4D52-CDAD-4EFC-B8B0-1287E72ED88D},,,,
-8580000.85155285,4716741.96497116,4,Chevy Chase Library,,https://www.dclibrary.org/node/10370,Washington,DC,,,,,Yes,,,,Yes,,,,,,,,,,,,,Yes,,,,,,,,,,,,,,,,,,Yes,,Men & Women,Yes,,2017/09/12 04:00:00+00,38.96556949,-77.07545672,,,393460.61,144186.75,Ward 3,DC Public Library,5625 CONNECTICUT AVENUE NW,20015,263960,HomelessServicePt_4,{F3C46C98-7CE6-4F8F-AA36-78D317B93E55},,,,
-8571554.77213298,4715247.1675282,5,Lamond-Riggs Library,,https://www.dclibrary.org/node/10382,Washington,DC,,,,,Yes,,,,Yes,,,,,,,,,,,Yes,,Yes,,,,,,,,,,,,,,,,,,Yes,,Men & Women,Yes,,2017/09/12 04:00:00+00,38.95512813,-76.99958432,,,400036.03,143024.96,Ward 5,DC Public Library,5401 SOUTH DAKOTA AVENUE NE,20011,288645,HomelessServicePt_5,{8832067D-4FA8-49F1-A269-A1759CF7CF2F},,,,
-8575591.44149594,4714904.47791848,6,The Next Step Program (Admin Offices),,https://www.samaritanministry.org/program,Washington ,DC,,,,,,Yes,,Yes,Yes,,Yes,,,,,,,,Yes,,,,Yes,,,Yes,,,Yes,Yes,,,,Yes,,Yes,,Yes,,Yes,,Men & Women,Yes,,2017/09/12 04:00:00+00,38.95273418,-77.03584632,,,396892.85,142759.82,Ward 4,Samaritan Ministry of Greater Washington,1516 HAMILTON STREET NW,20011,255812,HomelessServicePt_6,{AA70EDB6-DF5D-49B6-AB3E-6479DC7F94E9},,,,
-8580577.47018028,4714708.6217415,7,Drop-In Center & Clinic,,https://friendshipplace.org/drop-in-and-clinic/,Washington ,DC,,,,,,Yes,,,Yes,,,,,,,,,,,,Yes,,,,Yes,,Yes,,,,,,Yes,,,,,,,,40,Men & Women,Yes,,2017/09/12 04:00:00+00,38.95136594,-77.08063657,,,393010.31,142610.41,Ward 3,Friendship Place,4713 WISCONSIN AVENUE NW,20016,274422,HomelessServicePt_7,{D20CC768-C51C-4085-A9CE-6E7680ECD977},,,,
-8580494.00106103,4714170.76727822,8,Tenley-Friendship Library,,https://www.dclibrary.org/node/10404,Washington,DC,,,,,Yes,,,,Yes,,,,,,,,,,,,,Yes,,,,,,,,,,,,,,,,,,Yes,,Men & Women,Yes,,2017/09/12 04:00:00+00,38.94760839,-77.07988675,,,393074.94,142193.23,Ward 3,DC Public Library,4450 WISCONSIN AVENUE NW,20016,284921,HomelessServicePt_8,{32E74CEE-5BFC-4507-AE21-7F7251D7F278},,,,
-8578859.18838309,4713972.84770426,9,Cleveland Park Library,,https://www.dclibrary.org/node/10372,Washington,DC,,,,,Yes,,,,Yes,,,,,,,,,,,,,Yes,,,,,,,,,,,,,,,,,,Yes,,Men & Women,Yes,,2017/09/12 04:00:00+00,38.94622563,-77.06520099,,,394347.88,142038.72,Ward 3,DC Public Library,4340 CONNECTICUT AVENUE NW,20008,223153,HomelessServicePt_9,{C5E6DB92-2537-4450-BADC-A0305A57CF99},,,,
-8574510.65136547,4713396.69696414,10,Petworth Library,,https://www.dclibrary.org/node/10396,Washington,DC,,,,,Yes,,,,Yes,,,,,,,,,,,Yes,,Yes,,,,,,,,,,,,,,,,,,Yes,,Men & Women,Yes,,2017/09/12 04:00:00+00,38.94220022,-77.02613743,,,397734.08,141590.17,Ward 4,DC Public Library,4200 KANSAS AVENUE NW,20011,295146,HomelessServicePt_10,{FDD3068F-F1D2-4995-9576-4642650B5D61},,,,
-8574634.26102884,4713240.19146138,11,Taylor Street Service Center,,https://dcdhs.dc.gov/node/117522,Washington ,DC,,,,,,,,,,,,,,,,,,,,,,,,,,,,,,,,,,Yes,,,,Yes,,,,Men & Women,,,2017/09/12 04:00:00+00,38.94110672,-77.02724783,,,397637.78,141468.81,Ward 4,Department of Human Services,1207 TAYLOR STREET NW,20011,283934,HomelessServicePt_11,{10E9BAB8-2D7A-4E85-80F5-147236281B51},,,,
-8575580.47762756,4712148.66794377,12,Morning Program,,https://www.thrivedc.org/,Washington ,DC,,,Yes,,,Yes,,Yes,,,,,Yes,,,,,,,,Yes,,,,,Yes,Yes,,,,,,Yes,,,,,,,,200,Men & Women,Yes,,2017/09/12 04:00:00+00,38.93347981,-77.03574784,,,396900.55,140622.41,Ward 1,ThriveDC,1525 NEWTON STREET NW,20010,234587,HomelessServicePt_12,{A24D9EF5-B127-456C-BC66-4121A986407B},,,,
-8570701.2744729,4712037.35808177,13,Refugee Center,,https://www.catholiccharitiesdc.org/refugee/,Washington ,DC,,,,,,,,,,,,,,,,,,,Yes,,,,,,,,,,,,,,,,,,,,,Yes,,,,,2017/09/12 04:00:00+00,38.932702,-76.99191722,,,400700.81,140535.49,Ward 5,Catholic Charities,1018 MONROE STREET NE,20017,75480,HomelessServicePt_13,{4B55DCA8-D50B-4296-B17C-56DBAFABEFBE},,,,
-8575614.29776531,4711924.77009052,14,Emergency Brief Services,,http://www.thefamilyplacedc.org/?page_id=204,Washington ,DC,,,,,,,,,,,,,Yes,,,,,,,,,,,,,,,,,,,,,,,,,,,,15,Women ,Yes,,2017/09/12 04:00:00+00,38.93191525,-77.03605165,,,396874.14,140448.74,Ward 1,The Family Place,3309 16TH STREET NW,20010,234409,HomelessServicePt_14,{834FC211-B62D-4C69-809E-A08E7E9A2C39},,,,
-8570719.81833815,4711838.48640569,15,Anchor Counseling Services,,https://www.catholiccharitiesdc.org/behavioralhealth/,Washington ,DC,,,,,,,,,,,,,,,,,,,,,,,,,,,,Yes,,,,,,,,Yes,,,,,,,,,2017/09/12 04:00:00+00,38.9313123,-76.9920838,,,400686.38,140381.22,Ward 5,Catholic Charities,1001 LAWRENCE STREET NE,20017,289589,HomelessServicePt_15,{3355A5F1-8179-4AD3-A6D9-ADBE49EE28AF},,,,
-8575574.53879777,4711800.68261858,16,Dinner Program,,http://dinnerprogram.org/,Washington ,DC,,,,,,,,Yes,,,,,,,Yes,,,,,,,,Yes,,,,Yes,,,,,,,,,,,,,Yes,100,Men & Women,Yes,,2017/09/12 04:00:00+00,38.93104813,-77.03569449,,,396905.07,140352.47,Ward 1,Sacred Heart,3211 PINE STREET NW,20010,234407,HomelessServicePt_16,{733FDA9B-67C5-4BC2-A180-1F05A209F6A3},,,,
-8575735.96486001,4711717.62551854,17,Mt. Pleasant Library,,https://www.dclibrary.org/node/10386,Washington,DC,,,,,Yes,,,,Yes,,,,,,,,,,,,,Yes,,,,,,,,,,,,,,,,,,Yes,,Men & Women,Yes,,2017/09/12 04:00:00+00,38.93046772,-77.0371446,,,396779.31,140288.09,Ward 1,DC Public Library,3160 16TH STREET NW,20010,295138,HomelessServicePt_17,{DDC98471-706F-467B-A43E-78C3D0CB111F},,,,
-8575589.27706389,4711405.08300946,18,DC Safe Housing Drop-In Center,,http://www.layc-dc.org/what-we-do/safe-housing/outreach-intake/,Washington ,DC,,,,Yes,,Yes,,Yes,Yes,,,,Yes,,,,,Yes,Yes,,Yes,,,,,,,Yes,,,,Yes,Yes,,Yes,,,,,Yes,,Youth,Yes,,2017/09/12 04:00:00+00,38.92828361,-77.03582688,,,396893.47,140045.59,Ward 1,Latin American Youth Center (LYAC),3045 15TH STREET NW,20009,289222,HomelessServicePt_18,{E60DBACB-D377-4CB3-AC2B-DEBC03F3E4A1},,,,
-8575277.95719299,4711388.82988738,19,Upper Cardozo Health Center (Ward 1),,https://unityhealthcare.org/find-a-center/,Washington,DC,,,,,,,,,,,,,,,,,,,,,,,,,,,,,,,,,,,,,,,,,,Men & Women,By Appointment,,2017/09/12 04:00:00+00,38.92817003,-77.03303025,,,397135.96,140032.89,Ward 1,Unity Health,3020 14TH STREET NW,20009,242939,HomelessServicePt_19,{E07D13F7-DD13-47A0-9365-A896120E07F6},,,,
-8569221.66359994,4711284.4702188,20,Woodridge Library,,https://www.dclibrary.org/node/10412,Washington,DC,,,,,Yes,,,,Yes,,,,,,,,,,,Yes,,Yes,,,,,,,,,,,,,,,,,,Yes,,Men & Women,Yes,,2017/09/12 04:00:00+00,38.92744073,-76.97862566,,,401853.38,139951.63,Ward 5,DC Public Library,1801 HAMLIN STREET NE,20018,286483,HomelessServicePt_20,{A3298B8E-6A74-4FED-91F0-AD5A81185CC0},,,,
-8574178.89203445,4711186.7897156,21,Drop-Inn Safe Center,,http://www.casaruby.org/drop.html,Washington ,DC,,,,Yes,,Yes,,Yes,Yes,,,,,Yes,,,,,Yes,,,,Yes,,,,Yes,,,,,,,,,,,,,,25,Youth,Yes,,2017/12/19 05:00:00+00,38.9267581,-77.02315718,Yes,,397992.01,139875.89,Ward 1,Casa Ruby,2822 GEORGIA AVENUE NW,20001,232586,HomelessServicePt_21,{A75E0C8F-DB1D-4D47-961F-2EE3A86F403F},,,,
-8575346.959311,4711100.36940181,22,Social Services,,http://salvationarmynca.org/ways-we-help/families-in-need/,Washington ,DC,,,,,,,,,,,,,,,,,,,,,,,,,,,,,,,,,,,,,,,,,,Men & Women,,,2017/09/12 04:00:00+00,38.92615416,-77.03365011,,,397082.13,139809.13,Ward 1,The Salvation Army,1434 HARVARD STREET NW,20009,234319,HomelessServicePt_22,{AC370922-78B7-48E8-92DC-918389FFD544},,,,
-8569777.62720997,4711078.83062378,23,Community Resource & Referral Center,,https://www.washingtondc.va.gov/locations/Community_Resource_and_Referral_Center_CRRC.asp,Washington,DC,,,,,,Yes,,,,,Yes,,Yes,,,,,,,,Yes,,,,Yes,,,,,,,,,,,,,,,,,Men & Women,Yes,,2017/09/12 04:00:00+00,38.92600363,-76.98361996,,,401420.35,139792.01,Ward 5,Department of Veterans Affairs,1500 FRANKLIN STREET NE,20018,62549,HomelessServicePt_23,{F075FA8A-CAC7-4B32-84E8-7301EA8E1796},,,,
-8575921.40166142,4710919.60189203,24,Columbia Road Health Services (Ward 1),,https://unityhealthcare.org/find-a-center/,Washington,DC,,,,,,,,,,,,,,,,,,,,,,,,,,,,,,,,,,,,,,,,,,Men & Women,By Appointment,,2017/09/12 04:00:00+00,38.92489085,-77.03881041,,,396634.61,139669.07,Ward 1,Unity Health,1660 COLUMBIA ROAD NW,20009,276384,HomelessServicePt_24,{100AB94A-1EE3-48B4-8B51-ABAB59318F1B},,,,
-8576052.53517531,4710913.47388239,25,Medical Care & Housing Services,,http://christhouse.org/,Washington ,DC,,,Yes,,,Yes,,,,,,,,Yes,,,,Yes,,,,,,,Yes,,,,Yes,,,,,,,Yes,,,,,,Men & Women,By Appointment,,2017/09/12 04:00:00+00,38.92484802,-77.0399884,,,396532.46,139664.36,Ward 1,Christ House,1717 COLUMBIA ROAD NW,20009,235976,HomelessServicePt_25,{BA70CF97-A4A0-401F-866F-28A68A7E8D13},,,,
-8570827.61759579,4710586.35332144,26,Virginia Williams Family Resource Center,,https://dcdhs.dc.gov/page/virginia-williams-family-resource-center,Washington ,DC,,,,,,,,,,,,Yes,,,,,,,,,,,,,,,,,,,,,,,,,,,,,,Families,,,2017/09/12 04:00:00+00,38.92256186,-76.99305218,,,400602.49,139409.84,Ward 5,Department of Human Services,920 RHODE ISLAND AVENUE NE,20018,289074,HomelessServicePt_26,{C6B457BC-3829-4C72-9EEF-9EFFBD628625},,,,
-8570415.78952222,4710460.20284775,27,Brentwood Health Center (Ward 5),,https://unityhealthcare.org/find-a-center/,Washington,DC,,,,,,,,,,,,,,,,,,,,,,,,,,,,,,,,,,,,,,,,,,Men & Women,By Appointment,,2017/09/12 04:00:00+00,38.92168021,-76.98935267,,,400923.31,139312,Ward 5,Unity Health,1251 SARATOGA AVENUE NE,20018,69666,HomelessServicePt_27,{FE315190-B255-47AE-91E7-689C46578FDC},,,,
-8575066.34810163,4710225.90642787,28,Whitman-Walker WeWork Manhattan Laundry,,https://www.whitman-walker.org/location/whitman-walker-wework/,Washington,DC,,,,,,Yes,,,,,,,,,,,,,,,,,Yes,,,,,,,,,,,,,,,,,,,Men & Women,By Appointment,,2017/12/19 05:00:00+00,38.92004237,-77.03112933,Yes,,397300.48,139130.63,Ward 1,Whitman Walker Health,1342 FLORIDA AVENUE NW,20009,314690,HomelessServicePt_28,{9F198955-D1D4-4BFA-9AF4-2CC87042D067},,,,
-8568804.28364108,4710165.75404747,29,Adams Place Drop-In Center,,https://dcdhs.dc.gov/page/drop-center,Washington ,DC,,,,,,Yes,,Yes,Yes,,,,,,Yes,,,,Yes,,Yes,,,,,,Yes,,,,,,Yes,,,,,,,Yes,125,Men & Women,Yes,,2017/09/12 04:00:00+00,38.91962229,-76.97487627,,,402178.73,139083.8,Ward 5,Department of Human Services,2210 ADAMS PLACE NE,20018,50358,HomelessServicePt_29,{39B8EB15-37F0-4354-B67B-9EC17B219AD5},,,,
-8582418.47999718,4709988.2659808,30,Palisades Library,,https://www.dclibrary.org/node/10392,Washington,DC,,,,,Yes,,,,Yes,,,,,,,,,,,,,Yes,,,,,,,,,,,,,,,,,,Yes,,Men & Women,Yes,,2017/09/12 04:00:00+00,38.9183818,-77.09717464,,,391572.87,138950.28,Ward 3,DC Public Library,4901 V STREET NW,20007,224474,HomelessServicePt_30,{D14871E3-0A0C-47E9-9CCE-99EE58093344},,,,
-8568725.58968101,4709910.95770779,31,Emergency Assistance,,http://salvationarmynca.org/ways-we-help/families-in-need/,Washington ,DC,,,,,,Yes,,Yes,,,,,Yes,,,,,,Yes,,,,,,,,,,,,,,,,,,,,Yes,,,,,,2017/09/12 04:00:00+00,38.91784146,-76.97416935,,,402240.09,138886.13,Ward 5,Salvation Army,2100 NEW YORK AVENUE NE,20002,286616,HomelessServicePt_31,{A14C0824-5381-407E-93BA-0391D03ABDE1},,,,
-8574754.76992922,4709753.29836877,32,Legal Assistance Project,,http://www.legalclinic.org/,Washington ,DC,,,,,,,,,,,,,,,,,,,,,,,Yes,,,,,,,,,,,,,,,,,,,Men & Women,Yes,,2017/12/19 05:00:00+00,38.91673953,-77.02833038,,202-328-5500,397543.09,138763.87,Ward 1,The Washington Legal Clinic for the Homeless,1200 U STREET NW,20009,240812,HomelessServicePt_32,{BC058349-EDD3-42B9-B7D0-D9B2E0A6C947},,,,
-8575336.88893254,4709718.09506733,33,Administrative Office,,https://mysistersplacedc.org/,Washington ,DC,,,,,,,,,,,,Yes,,,,,,Yes,,,,,,,,,,,,,,,,,,,,,,,,Women,By Appointment,,2017/09/12 04:00:00+00,38.91649347,-77.03355964,,,397089.58,138736.71,Ward 2,My Sister's Place,1436 U STREET NW,20009,301293,HomelessServicePt_33,{647BCD99-816E-476A-BC6D-D945AEB6DC12},,,,
-8578948.94733874,4709280.45735375,34,Georgetown Library,,https://www.dclibrary.org/node/10378,Washington,DC,,,,,Yes,,,,Yes,,,,,,,,,,,Yes,,Yes,,,,,,,,,,,,,,,,,,Yes,,Men & Women,Yes,,2017/09/12 04:00:00+00,38.91343456,-77.06600731,,,394275.35,138398.68,Ward 2,DC Public Library,3260 R STREET NW,20007,295142,HomelessServicePt_34,{CE3F2EDC-CC9F-4E30-A67C-4700C84C4930},,,,
-8574074.38234773,4709138.4789799,35,Shaw Library,,https://www.dclibrary.org/node/10408,Washington,DC,,,,,Yes,,,,Yes,,,,,,,,,,,Yes,,Yes,,,,,,,,,,,,,,,,,,Yes,,Men & Women,Yes,,2017/09/12 04:00:00+00,38.91244216,-77.02221836,,,398073.03,138286.68,Ward 2,DC Public Library,1630 7TH STREET NW,20001,308201,HomelessServicePt_35,{D82BF16A-8384-4918-867F-15E269B06F64},,,,
-8572287.77322798,4708905.60847716,36,Administrative Office & Health Clinic,,https://www.pathwaystohousingdc.org/,Washington ,DC,,,,,,Yes,,,,,,,,,,,,Yes,Yes,,,,,,Yes,,,Yes,,,,,,,,,Yes,,,,,Men & Women,By Appointment,,2017/09/12 04:00:00+00,38.91081441,-77.00616898,,,399464.96,138105.77,Ward 5,Pathways to Housing,101 Q STREET NE,20002,75978,HomelessServicePt_36,{C92F9C80-3316-43E4-A9DA-46996A8B946D},,,,
-8575122.28025948,4708857.10366105,37,Whitman Walker 1525,,https://www.whitman-walker.org/location/1525-14th-st-nw/,Washington ,DC,,,,,,Yes,,,,Yes,,,,,,,,,,,,,Yes,,Yes,,,Yes,,,,,,,,,,,,,,Men & Women,By Appointment,,2017/12/19 05:00:00+00,38.91047536,-77.03163178,Yes,,397256.54,138068.59,Ward 2,Whitman Walker Health,1525 14TH STREET NW,20005,300332,HomelessServicePt_37,{93070371-722E-40D7-818B-9DBCABF8DAD2},,,,
-8574008.32447995,4708836.59108625,38,Northwest Center,,https://breadforthecity.org/,Washington ,DC,,,,,,Yes,,,,Yes,Yes,,Yes,,,,,,Yes,,,,Yes,,Yes,,,Yes,,,,,,Yes,,Yes,,Yes,,,65.92876712,Men & Women,By Appointment,,2017/09/12 04:00:00+00,38.91033198,-77.02162495,,,398124.44,138052.42,Ward 2,Bread for the City,1525 7TH STREET NW,20001,297622,HomelessServicePt_38,{4257C982-CF29-4AA7-97B2-54D20AAA5797},,,,
-8575706.45340072,4708793.95459532,39,ID & Walk-In Ministry,,http://www.foundryumc.org/walk-mission,Washington ,DC,,,,,,,,Yes,,,Yes,,,,,,,,,,,,,,,,Yes,,,,,,,,,,,,,,36,Men & Women,Yes,,2017/09/12 04:00:00+00,38.91003395,-77.0368795,,,396801.38,138019.76,Ward 2,Foundry United Methodist,1500 16TH STREET NW,20036,243309,HomelessServicePt_39,{F7693E71-B90E-416D-9432-B9D2B2401AA0},,,,
-8572386.90912298,4708710.1649319,40,Assessment and Referral Center (ARC),,https://dbh.dc.gov/service/treatment-services,Washington ,DC,,,,Yes,,,,,,,,,,,,,Yes,,,,,,,,,,,,,,,,,,,Yes,,,,,,,,,2017/09/12 04:00:00+00,38.90944791,-77.00705953,,,399387.71,137954.12,Ward 5,Department of Behavioral Health,75 P STREET NE,20002,313290,HomelessServicePt_40,{099595EE-2EBD-4A46-BA55-166047581339},,,,
-8572376.22756475,4708670.9629516,41,Family Services Administration,,https://dcdhs.dc.gov/service/homeless-and-homeless-prevention-services,Washington ,DC,,,,Yes,,,,,,,,,,,,,,Yes,,,,,,,,,,,,,,,,,,,,,,,,Men & Women,,,2017/09/12 04:00:00+00,38.90917422,-77.00696358,,,399396.03,137923.7,Ward 5,Department of Human Services,64 NEW YORK AVENUE NE,20002,289616,HomelessServicePt_41,{965CB1C5-741F-4EF6-B56F-E2DE15F0E367},,,,
-8572376.22628126,4708670.9629517,42,Shelter Hotline,,https://dhs.dc.gov/service/hypo-hyperthermia-watch,Washington ,DC,Yes,,,,,,,,,,,,,,,,,,,,,,,,,,,,,,,,,,,,,,Yes,,,Men & Women,,24 Hours,2017/12/19 05:00:00+00,38.909174,-77.006964,,202-399-7093,399396.03,137923.7,Ward 5,Department of Human Services,64 NEW YORK AVENUE NE,20002,289616,HomelessServicePt_42,{3EAD74E3-06A0-46DA-B20C-8E3C61C4AFCF},,,,
-8572873.62206502,4708634.31314972,43,"Dining, Shower, and Clothing Programs",,http://some.org/services/dining-clothing-and-shower-rooms/,Washington ,DC,,,,,,,,Yes,,,,,,,,,,,,,,,,,,,Yes,,,,,,Yes,,,,,,,,400,Men & Women,Yes,,2017/09/12 04:00:00+00,38.90891803,-77.01143175,,,399008.49,137895.3,Ward 5,S.O.M.E. ,71 O STREET NW,20001,236922,HomelessServicePt_43,{D3A31AD9-33F1-4AF2-98F4-2836BD1043F5},,,,
-8564048.63666197,4708566.63775345,44,Deanwood Library,,https://www.dclibrary.org/node/10374,Washington,DC,,,,,Yes,,,,Yes,,,,,,,,,,,Yes,,Yes,,,,,,,,,,,,,,,,,,Yes,,Men & Women,Yes,,2017/09/12 04:00:00+00,38.90844496,-76.93215558,,,405884.39,137844.91,Ward 7,DC Public Library,1350 49TH STREET NE,20019,307551,HomelessServicePt_44,{3BA72866-AEB8-491F-90DA-A8BBE55D82F2},,,,
-8572836.76182775,4708537.61329577,45,Medical & Behavioral Health Clinic,,http://some.org/services/health-services/,Washington ,DC,,,,,,,,,,Yes,,,,,,,,,,,,,,,Yes,,,Yes,,,,,,,,,,,,,,,,,2017/09/12 04:00:00+00,38.90824208,-77.01110063,,,399037.2,137820.26,Ward 5,S.O.M.E. ,60 O STREET NW,20001,236940,HomelessServicePt_45,{B285AC4F-7230-4DA7-905D-1DFBBB96452B},,,,
-8572873.41400174,4708509.72134521,46,Isaiah House Day Program,,http://some.org/services/mental-health-services/#IH,Washington ,DC,,,Yes,,,Yes,,,,,,,,,,,,,,,Yes,,,,,Yes,Yes,,,,,,Yes,,,,,,,,50,Men & Women,Yes,,2017/09/12 04:00:00+00,38.9080471,-77.01142988,,,399008.64,137798.62,Ward 5,S.O.M.E. ,75 HANOVER PLACE NW,20001,279927,HomelessServicePt_46,{BDE11BAF-EC0B-47AB-9BB7-4C4A8CD08FAE},,,,
-8575099.3297243,4708440.9088816,47,Bethany Women's Day Center,,http://www.nstreetvillage.org/about-the-village/programs-impact/healthy-meals-basic-needs/,Washington ,DC,,,,,,Yes,,Yes,Yes,,,,,,,,,Yes,Yes,,Yes,,Yes,,Yes,,Yes,,,,,,Yes,,,,,,,Yes,75,Women,Yes,,2017/09/12 04:00:00+00,38.90756608,-77.03142561,,,397274.31,137745.63,Ward 2,N Street Village,1333 N STREET NW,20005,298405,HomelessServicePt_47,{478B8E36-3E1F-42D5-9301-E3DF45C4EC7E},,,,
-8572455.14406942,4708310.04522352,48,Walker Jones Health Center (Ward 6),,https://unityhealthcare.org/find-a-center/,Washington,DC,,,,,,,,,,,,,,,,,,,,,,,,,,,,,,,,,,,,,,,,,,Men & Women,By Appointment,,2017/09/12 04:00:00+00,38.9066513,-77.0076725,,,399334.52,137643.64,Ward 6,Unity Health,40 PATTERSON STREET NE,20002,28515,HomelessServicePt_48,{DCDE2D11-99AB-4126-BB2D-4A68363CC095},,,,
-8575230.121663,4708284.31432877,49,Childcare Center,,https://houseofruth.org/our-programs/childcare-center/,Washington ,DC,,,,,,Yes,Yes,,,,,,,,,,,,,,,,,,,,,,,,,,,,,,,,,,25,Children,No,,2017/09/12 04:00:00+00,38.90647143,-77.03260054,,,397172.36,137624.15,Ward 2,House of Ruth,5 THOMAS CIRCLE NW,20005,243014,HomelessServicePt_49,{7602B346-5C2D-41EB-8F5B-C2D48A024FD7},,,,
-8573087.24664132,4708128.1680929,50,The Next Step Program (Perry School Center),,https://www.samaritanministry.org/program,Washington ,DC,,,,,,Yes,,Yes,Yes,,Yes,,,,,,,,Yes,,,,Yes,,,Yes,,,Yes,Yes,,,,Yes,,Yes,,Yes,,Yes,,Men & Women,Yes,,2017/09/12 04:00:00+00,38.90537989,-77.01335077,,,398841.99,137502.56,Ward 6,Samaritan Ministry of Greater Washington,128 M STREET NW,20001,279016,HomelessServicePt_50,{BBB01549-B1E0-4AB6-BC82-2A94BF2DA537},,,,
-8573087.24664132,4708128.1680929,51,Early Child Care Program,,http://www.brightbeginningsinc.org/,Washington ,DC,,,,,,Yes,Yes,,,,,,,,,,,,,,,,,,,,,,,,,,,,,,,,,,90,Children,Yes,,2017/09/12 04:00:00+00,38.90537989,-77.01335077,,,398841.99,137502.56,Ward 6,Bright Beginnings,128 M STREET NW,20001,279016,HomelessServicePt_51,{FC670C46-DDB5-4047-97A0-13D2AFDE80F3},,,,
-8574864.18889571,4707959.05560009,52,Administrative Office,,http://www.dccfh.org/,Washington ,DC,,,,,,,,,,,,,,,,,,Yes,,,,,,,,,,,,,,,,,,,,,,,,Men & Women,By Appointment,,2017/09/12 04:00:00+00,38.90419769,-77.02931331,,,397457.4,137371.65,Ward 2,Coalition for the Homeless,1234 MASSACHUSETTS AVENUE NW,20005,240920,HomelessServicePt_52,{4F1AEA75-238A-47ED-A323-50307559A790},,,,
-8573116.86413174,4707931.17001721,53,Northwest One Library,,https://www.dclibrary.org/node/10390,Washington,DC,,,,,Yes,,,,Yes,,,,,,,,,,,,,Yes,,,,,,,,,,,,,,,,,,Yes,,Men & Women,Yes,,2017/09/12 04:00:00+00,38.90400275,-77.01361683,,,398818.89,137349.69,Ward 6,DC Public Library,155 L STREET NW,20001,307736,HomelessServicePt_53,{50A7D237-40E7-4EE4-87A9-6636F203C782},,,,
-8578505.41010739,4707869.84503384,54,Clubhouse Drop-In Center,,https://georgetownministrycenter.org/programs/clubhouse/,Washington ,DC,,,Yes,,,Yes,,,Yes,,,,,Yes,,,,,,,Yes,,,,Yes,Yes,Yes,,,Yes,,Yes,Yes,,,,,,,,60,Men & Women,Yes,,2017/09/12 04:00:00+00,38.90357405,-77.06202295,,,394620.16,137303.84,Ward 2,Georgetown Ministry Center,1041 WISCONSIN AVENUE NW,20007,273796,HomelessServicePt_54,{66C99C26-E759-439F-82E1-307AA0068579},,,,
-8576560.09828996,4707671.13579734,55,Library Express,,https://www.dclibrary.org/node/56917,Washington,DC,Yes,Yes,,,Yes,,,,Yes,,,,,,,,,,,,,Yes,,,,,,,,,,,,,,,,,,Yes,,Men & Women,Yes,,2017/09/12 04:00:00+00,38.90218491,-77.04454792,,,396135.86,137148.75,Ward 2,DC Public Library,1990 K STREET NW,20006,218576,HomelessServicePt_55,{476DF700-FA92-4B25-ACDD-A582E7BD908A},,,,
-8572676.39390136,4707581.28103122,56,Day Shelter Program,,http://www.fathermckennacenter.org/programs/homeless-day-shelter/,Washington ,DC,,,,,,Yes,,Yes,Yes,,,,,Yes,,,,,Yes,,Yes,,,,,,Yes,,Yes,Yes,,,Yes,,,,,,Yes,,100,Men,Yes,,2017/09/12 04:00:00+00,38.901557,-77.00966,,,399162.07,137078.12,Ward 6,The Father McKenna Center,19 I STREET NW,20001,279445,HomelessServicePt_56,{A6AC7542-FC04-4B4F-9A2C-D59D284BB0BB},,,,
-8565752.60686206,4707418.78374164,57,Parkside Health Center (Ward 7),,https://unityhealthcare.org/find-a-center/,Washington,DC,,,,,,,,,,,,,,,,,,,,,,,,,,,,,,,,,,,,,,,,,,Men & Women,By Appointment,,2017/09/12 04:00:00+00,38.90042073,-76.9474626,,,404557.27,136953.28,Ward 7,Unity Health,765 KENILWORTH TERRACE NE,20019,310407,HomelessServicePt_57,{55FE8482-3240-4B00-9305-2F45D958DE37},,,,
-8570864.48355263,4707417.70185003,58,Drop-In Center,,http://www.hips.org/how-we-improve-lives.html,Washington ,DC,,,Yes,,,,,,Yes,,,,,,,Yes,Yes,,,,Yes,,,,Yes,,Yes,,,,,,Yes,,,,,,,,,Men & Women,By Appointment,,2017/12/19 05:00:00+00,38.90041317,-76.99338336,Yes,,400573.95,136951.15,Ward 6,HIPS,906 H STREET NE,20002,151203,HomelessServicePt_58,{2C922231-D1CE-4983-B6A7-3CF429A20D12},,,,
-8568501.55233049,4707390.87739757,59,Food Pantry & Computer Center,,http://www.anacostiaoutreach.org/wordpress/,Washington ,DC,,,,,,,,,Yes,,,,Yes,,,,,,,,,,,,,,,,,,,,,,,,,,,,50,Men & Women,Yes,,2017/09/12 04:00:00+00,38.90022564,-76.97215679,,,402415.22,136930.68,Ward 5,Anacostia Community Outreach Center (ACOC),711 24TH STREET NE,20002,291073,HomelessServicePt_59,{B1054EF4-0D12-4240-8605-3CAA8514AB38},,,,
-8575075.69099702,4707355.17828846,60,Day Program,,http://mcclendoncenter.org/programs/day-program/,Washington ,DC,,,Yes,Yes,,,,,,,,,,Yes,,,,,,,,,,,,,Yes,Yes,,,,,,,,Yes,,,Yes,,,Men & Women,Yes,,2017/09/12 04:00:00+00,38.89997606,-77.03121326,,,397292.44,136903.07,Ward 2,McClendon Center,1313 NEW YORK AVENUE NW,20005,279043,HomelessServicePt_60,{CBAC1BE4-5412-456B-9DCB-BDD6829D5D90},,,,
-8571206.25986081,4707354.99409184,61,H Street Service Center,,https://dcdhs.dc.gov/node/117522,Washington ,DC,,,,,,,,,,,,,,,,,,,,,,,,,,,,,,,,,,Yes,,,,Yes,,,,Men & Women,,,2017/09/12 04:00:00+00,38.89997477,-76.99645358,,,400307.63,136902.47,Ward 6,Department of Human Services,645 H STREET NE,20002,288821,HomelessServicePt_61,{2ABAC0F2-10E4-4BCC-9ABB-F953E2EE9169},,,,
-8577707.79126545,4707269.95774397,62,West End Library,,https://www.dclibrary.org/node/10410,Washington,DC,,,,,Yes,,,,Yes,,,,,,,,,,,,,Yes,,,,,,,,,,,,,,,,,,Yes,,Men & Women,Yes,,2017/09/12 04:00:00+00,38.89938028,-77.05485782,,,395241.38,136837.9,Ward 2,DC Public Library,2522 VIRGINIA AVENUE NW,20037,300836,HomelessServicePt_62,{274127A4-D336-464C-9BB6-5EFC8FB7B5F5},,,,
-8574358.01295364,4707171.46027011,63,MLK Jr. Library,,https://www.dclibrary.org/node/56887,Washington,DC,,,,,Yes,,,,Yes,,,,,,,,,,,,,Yes,,,,,,,,,,,,,,,,,,Yes,,Men & Women,Yes,,2017/09/12 04:00:00+00,38.89869166,-77.02476625,,,397851.64,136760.32,Ward 2,DC Public Library,901 G STREET NW,20001,239815,HomelessServicePt_63,{C6C821AA-8D84-4B5A-AC68-6BA96C7DDAAC},,,,
-8572832.59234352,4707170.47239022,64,Ministry Resource Center & Shelter,,http://www.missiondc.org/,Washington ,DC,,,,,,,,Yes,,,,,Yes,,,,,Yes,,,,,,,,,,,,,,,,,,,,,,,25,Men,Yes,,2017/09/12 04:00:00+00,38.89868476,-77.01106317,,,399040.32,136759.32,Ward 6,Central Union Mission,65 MASSACHUSETTS AVENUE NW,20001,237153,HomelessServicePt_64,{CC88D639-7C35-4132-A805-175B1007A464},,,,
-8574992.94447101,4707166.60289586,65,The Welcome Table,,http://epiphanydc.org/ministry/welcome-table/,Washington ,DC,,,Yes,,,,,,,,,,,,,,,,,,,,,,,,Yes,,Yes,,,,,,,,,,,,28.57142857,Men & Women,Yes,,2017/09/12 04:00:00+00,38.89865771,-77.03046994,,,397356.87,136756.7,Ward 2,Church of the Epiphany,1317 G STREET NW,20005,279048,HomelessServicePt_65,{90A9119C-01AB-41D0-82BE-6A853C2C57C0},,,,
-8574447.04165662,4707150.23936102,66,Drop-In Center (Downtown),,http://www.firstuccdc.org/2016/09/second-sunday-offering-september-11/,Washington ,DC,,,,Yes,,Yes,,,Yes,,,,,,,,,,,,,,,,Yes,,Yes,,,,,,,,,,,,,,30,Youth,Yes,,2017/09/12 04:00:00+00,38.8985433,-77.02556601,,,397782.26,136743.87,Ward 2,First Congregational UCC,945 G STREET NW,20001,278832,HomelessServicePt_66,{48EF74DF-5DE1-48B1-81C6-BA2D18621B21},,,,
-8577385.3184605,4707148.5354735,67,Meals Program,,https://miriamskitchen.org/,Washington ,DC,,,,,,Yes,,,,,,,,,,,,,Yes,,,,,,,,Yes,,,,,,,,,,,,,,150,Men & Women,Yes,,2017/09/12 04:00:00+00,38.89853139,-77.05196099,,,395492.61,136743.52,Ward 2,Miriam's Kitchen,2401 VIRGINIA AVENUE NW,20037,218135,HomelessServicePt_67,{212140E6-2F16-4315-98E4-404236302E63},,,,
-8574402.89256831,4707088.86652389,68,Administrative Office,,https://www.catholiccharitiesdc.org/aboutus/our-mission/,Washington ,DC,,,,,,,,,,,,,,,,,,,Yes,,,,,,,,,,,,,,,,,,,,,,,Men & Women,By Appointment,,2017/09/12 04:00:00+00,38.89811423,-77.02516941,,,397816.65,136696.23,Ward 2,Catholic Charities,924 G STREET NW,20001,285571,HomelessServicePt_68,{2657B313-8A89-4638-8302-FE15D5B3513B},,,,
-8569278.25589089,4707045.62952995,69,Rosedale Library,,https://www.dclibrary.org/node/32566,Washington,DC,,,,,Yes,,,,Yes,,,,,,,,,,,,,Yes,,,,,,,,,,,,,,,,,,Yes,,Men & Women,Yes,,2017/09/12 04:00:00+00,38.89781195,-76.97913403,,,401810.05,136662.58,Ward 7,DC Public Library,1701 GALES STREET NE,20002,307101,HomelessServicePt_69,{93AAB62B-1739-4CAD-8B95-EE1789C1452D},,,,
-8573554.84059514,4707037.49946587,70,Public Restrooms,,https://dcdhs.dc.gov/page/downtown-washington-dc-public-restrooms,Washington ,DC,,,,,,,,,,,,,,,,,,,,,,,,,,,,,,,Yes,,,,,,,,,,,Men & Women,,,2017/09/12 04:00:00+00,38.89775511,-77.01755124,,,398477.49,136656.21,Ward 6,National Building Museum,401 F STREET NW,20001,242924,HomelessServicePt_70,{A03F459E-ADFA-4B2B-92FF-2482C55746E3},,,,
-8572288.9029431,4707006.56012791,71,Public Restrooms,,https://dcdhs.dc.gov/page/downtown-washington-dc-public-restrooms,Washington ,DC,,,,,,,,,,,,,,,,,,,,,,,,,,,,,,,Yes,,,,,,,,,,,Men & Women,,,2017/09/12 04:00:00+00,38.8975388,-77.00617913,,,399463.98,136632.07,Ward 6,Union Station,50 MASSACHUSETTS AVENUE NE,20002,293243,HomelessServicePt_71,{93DF6876-2D69-43F5-9B89-851FDA016C7C},,,,
-8563698.73982094,4706957.25446456,72,Service Location,,https://contemporaryservices.net/programs-and-services/,Washington ,DC,,,,,,,,,,,,,,,,,,,,,,,,,,,,Yes,,,,,,,,,,,,,,Families,,,2017/09/12 04:00:00+00,38.89719409,-76.9290124,,,406157.98,136596.18,Ward 7,Contemporary Family Services,603 50TH STREET NE,20019,300384,HomelessServicePt_72,{9B48A736-79F1-4B50-B325-13D0FCC2E5B6},,,,
-8574156.17535271,4706959.18666457,73,Public Restrooms,,https://dcdhs.dc.gov/page/downtown-washington-dc-public-restrooms,Washington ,DC,,,,,,,,,,,,,,,,,,,,,,,,,,,,,,,Yes,,,,,,,,,,,Men & Women,,,2017/09/12 04:00:00+00,38.89720759,-77.02295312,,,398008.87964411,136595.53545219,,National Portrait Gallery,8TH STREET NW AND F STREET NW,,901542,HomelessServicePt_73,{42F3C17D-0948-461E-8338-AA21DFAFD0F2},,,,
-8573342.93681849,4706829.76785463,74,Emergency Services Program,,https://www.cflsdc.org/,Washington ,DC ,,,,,,Yes,,Yes,Yes,,Yes,,Yes,,,,,,,,,,,,,,,,,,,Yes,,,,,,,,,25,Men & Women,Yes,,2017/09/12 04:00:00+00,38.89630278,-77.01564767,,,398642.59,136494.96,Ward 6,Community Family Life Services,305 E STREET NW,20001,279657,HomelessServicePt_74,{56893133-EF2D-4C02-B69C-0D3587D46EE5},,,,
-8565863.10984807,4706717.98496282,75,Intake Center,,http://www.mbihs.com/what-we-offer/free-standing-mental-health-clinic-0024-core,Washington ,DC,,,,Yes,,,,,,,,,,,,,,,,,,,,,,,,Yes,,,,,,,,,,,,,,Men & Women,Yes,,2017/09/12 04:00:00+00,38.89552125,-76.94845527,,,404471.47,136409.35,Ward 7,MBI,4017 MINNESOTA AVENUE NE,20019,27916,HomelessServicePt_75,{099D0FF5-8EC1-482F-A91E-43DEE8516623},,,,
-8573081.2534566,4706715.53441891,76,The Mitch Snyder Center for Arts and Education,,http://www.theccnv.org/contact.htm,Washington ,DC,,,,,,Yes,,Yes,Yes,,,,Yes,,,,,,,,Yes,,,,,Yes,Yes,,,,,,Yes,,Yes,,,,,Yes,137.71428571,Men & Women,No,,2017/09/12 04:00:00+00,38.89550412,-77.01329693,,,398846.5,136406.27,Ward 6,Community for Creative Non-Violence,425 2ND STREET NW,20001,299726,HomelessServicePt_76,{764D1ADE-CC7E-4DD5-BCF3-077F2C739667},,,,
-8573081.2534566,4706715.53441891,77,DC HEAC,,https://www.jobshavepriority.org/employment-assistance,Washington,DC,,,,,,,,,Yes,,,,,,,,,,,,,,,,,,,,,,,,,,,,,,,Yes,,Men & Women,Yes,,2017/09/12 04:00:00+00,38.89550412,-77.01329693,,,398846.5,136406.27,Ward 6,Jobs Have Priority,425 2ND STREET NW,20001,299726,HomelessServicePt_77,{9CB513F7-2541-47E9-A71D-BC330061EFCD},,,,
-8575252.29633153,4706662.31138832,78,Public Restrooms,,https://dcdhs.dc.gov/page/downtown-washington-dc-public-restrooms,Washington ,DC,,,,,,,,,,,,,,,,,,,,,,,,,,,,,,,Yes,,,,,,,,,,,Men & Women,,,2017/09/12 04:00:00+00,38.89513201,-77.03279974,,,397154.63,136365.39,Ward 2,White House Visitors Center,1450 PENNSYLVANIA AVENUE NW,20004,293208,HomelessServicePt_78,{00CCA778-88AA-42A3-9B68-F27D6EA8E528},,,,
-8571195.72979726,4706558.59702236,79,Northeast Library,,https://www.dclibrary.org/node/10388,Washington,DC,,,,,Yes,,,,Yes,,,,,,,,,,,,,Yes,,,,,,,,,,,,,,,,,,Yes,,Men & Women,Yes,,2017/09/12 04:00:00+00,38.89440688,-76.99635899,,,400315.86,136284.39,Ward 6,DC Public Library,330 7TH STREET NE,20002,37106,HomelessServicePt_79,{FA7E034B-DC32-4A08-BDDD-21BD49393063},,,,
-8565786.94370539,4706526.32184243,80,Bening Library,,https://www.dclibrary.org/node/10366,Washington,DC,,,,,Yes,,,,Yes,,,,,,,,,,,,,Yes,,,,,,,,,,,,,,,,,,Yes,,Men & Women,Yes,,2017/09/12 04:00:00+00,38.89418122,-76.94777105,,,404530.91,136260.63,Ward 7,DC Public Library,3935 BENNING ROAD NE,20019,295144,HomelessServicePt_80,{F4CAB3A3-6302-4D06-AF3F-8BC4302ECBA5},,,,
-8566180.4719976,4706489.45879739,81,Minnessota Ave Health Center (Ward 7),,https://unityhealthcare.org/find-a-center/,Washington,DC,,,,,,,,,,,,,,,,,,,,,,,,,,,,,,,,,,,,,,,,,,Men & Women,By Appointment,,2017/09/12 04:00:00+00,38.89392349,-76.95130618,,,404224.25,136231.85,Ward 7,Unity Health,3924 MINNESOTA AVENUE NE,20019,288039,HomelessServicePt_81,{76660879-F756-45B9-A3C5-0F604D333B00},,,,
-8573816.24075572,4706322.90600622,82,Public Restrooms,,https://dcdhs.dc.gov/page/downtown-washington-dc-public-restrooms,Washington ,DC,,,,,,,,,,,,,,,,,,,,,,,,,,,,,,,Yes,,,,,,,,,,,Men & Women,,,2017/09/12 04:00:00+00,38.892759,-77.01989943,,,398273.67106835,136101.64437973,,Lafayette Square,PENNSYLVANIA AVENUE NW AND 6TH STREET NW,,900353,HomelessServicePt_82,{74593FE9-0061-4732-BF1B-2CE6D5E1D904},,,,
-8564644.64328513,4706094.88232975,83,East of the River Health Center (Ward 7),,https://unityhealthcare.org/find-a-center/,Washington,DC,,,,,,,,,,,,,,,,,,,,,,,,,,,,,,,,,,,,,,,,,,Men & Women,By Appointment,,2017/09/12 04:00:00+00,38.89116469,-76.9375096,,,405421.33,135926.33,Ward 7,Unity Health,123 45TH STREET NE,20019,301415,HomelessServicePt_83,{82977456-668D-4F45-B5A4-C9EEAA923E1C},,,,
-8577184.89692813,4705816.07721366,84,Public Restrooms,,https://dcdhs.dc.gov/page/downtown-washington-dc-public-restrooms,Washington ,DC,,,,,,,,,,,,,,,,,,,,,,,,,,,,,,,Yes,,,,,,,,,,,Men & Women,,,2017/09/12 04:00:00+00,38.88921494,-77.05016058,,,395648.22,135709.27,Ward 2,Lincoln Memorial,2 LINCOLN MEMORIAL CIRCLE SW,20004,313464,HomelessServicePt_84,{BB60A9F4-5D82-4142-9695-8595FD9A6BB7},,,,
-8563761.6139578,4705778.83019112,85,Capitol View Library,,https://www.dclibrary.org/node/10368,Washington,DC,,,,,Yes,,,,Yes,,,,,,,,,,,,,Yes,,,,,,,,,,,,,,,,,,Yes,,Men & Women,Yes,,2017/09/12 04:00:00+00,38.88895483,-76.92957721,,,406109.69,135681.52,Ward 7,DC Public Library,5001 CENTRAL AVENUE SE,20019,15509,HomelessServicePt_85,{B71FE55D-B488-4EB3-A96F-FCF8DDB9D9B9},,,,
-8571260.74191526,4705265.20470596,86,The Center for Families and Children,,http://www.communityconnectionsdc.org/our-services/families-children,Washington ,DC,,,,Yes,,Yes,,,,,,,,,,,,,,,,,,,,,,Yes,,,,,,,,,,,,,,Families,,,2017/09/12 04:00:00+00,38.88536339,-76.996943,,,400265.23,135280.49,Ward 6,Community Connections,650 PENNSYLVANIA AVENUE SE,20003,280033,HomelessServicePt_86,{1560398C-6E75-4D89-BCAE-B23D01FE752A},,,,
-8568776.05521431,4705114.53845913,87,Harriet Tubman Day Program,,https://www.catholiccharitiesdc.org/harriettubman/,Washington ,DC,,,,,,Yes,,,,,,,,,,,,,Yes,,Yes,,,,,,Yes,,,,,,Yes,,,,,,,,100,Women,No,,2017/09/12 04:00:00+00,38.88430985,-76.97462269,,,402201.81,135163.84,Ward 7,Catholic Charities,1910 MASSACHUSETTS AVENUE SE,20003,295134,HomelessServicePt_87,{9BC9052D-491C-412B-B75A-6B702C7B18A2},,,,
-8571213.14771602,4705082.30622116,88,Southeast Library,,https://www.dclibrary.org/node/10398,Washington,DC,,,,,Yes,,,,Yes,,,,,,,,,,,,,Yes,,,,,,,,,,,,,,,,,,Yes,,Men & Women,Yes,,2017/09/12 04:00:00+00,38.88408446,-76.99651546,,,400302.33,135138.52,Ward 6,DC Public Library,403 7TH STREET SE,20003,280068,HomelessServicePt_88,{76E4DF59-5B13-49AC-8AE3-78382A5ABE9B},,,,
-8570992.93280302,4705018.68100873,89,Main Office,,http://www.communityconnectionsdc.org/,Washington ,DC,,,,,,,,,,,,,,,,,,,Yes,,,,,,,,,,,,,,,,,,,,,,,Men & Women,,,2017/09/12 04:00:00+00,38.88363955,-76.99453724,,,400473.97,135089.14,Ward 6,Community Connections,801 PENNSYLVANIA AVENUE SE,20003,280150,HomelessServicePt_89,{FE6E1BD5-584F-4C7A-A8DE-B12A92EE56A6},,,,
-8570992.93280302,4705018.68100873,90,Administrative Offices,,http://www.community-partnership.org/,Washington,DC,,,,,,,,,,,,,,,,,,,,,,,,,,,,,,,,,,,,,,,,,,Men & Women,No,,2017/09/12 04:00:00+00,38.88363955,-76.99453724,,,400473.97,135089.14,Ward 6,The Community Partnership,801 PENNSYLVANIA AVENUE SE,20003,280150,HomelessServicePt_90,{8DAB06E4-9499-4258-A457-920F6CF10C7A},,,,
-8570150.55987884,4704706.77720477,91,Shirley's Place,,www.chgm.net,Washington ,DC,,,,,,,,,Yes,,,,,Yes,,,,,,,Yes,,,,,,Yes,,,Yes,,,Yes,,,,,,,Yes,,Individuals,,,2017/12/19 05:00:00+00,38.88145847,-76.98697007,,,401130.56,134847.09,Ward 6,Capital Hill Group Ministry,1338 G STREET SE,20003,66900,HomelessServicePt_91,{0C709983-C942-4E86-ACF1-4A3683969179},,,,
-8575670.10044354,4704696.6589096,92,Public Restrooms,,https://dcdhs.dc.gov/page/downtown-washington-dc-public-restrooms,Washington ,DC,,,,,,,,,,,,,,,,,,,,,,,,,,,,,,,Yes,,,,,,,,,,,Men & Women,,,2017/09/12 04:00:00+00,38.88138738,-77.03655293,,,396828.43,134839.79,Ward 2,Jefferson Memorial,701 EAST BASIN DRIVE SW,20004,313482,HomelessServicePt_92,{E47C0C8E-63D5-4080-9B4C-FB4C3EF45F49},,,,
-8571076.10018228,4704478.45588146,93,Drop-In Center (Barraks Row),,http://www.sashabruce.org/programs/safehomes/drop-in-center/,Washington ,DC,,,,Yes,,,,,Yes,,,,Yes,,,Yes,,,,,Yes,,,,Yes,,Yes,,,,,,Yes,,,,,,,Yes,30,Youth,Yes,,2017/09/12 04:00:00+00,38.87986182,-76.99528434,,,400409.17,134669.78,Ward 6,Sasha Bruce Youth Work,741 8TH STREET SE,20003,151137,HomelessServicePt_93,{FA8822F4-4581-4E4E-BB22-567AC75DB4ED},,,,
-8572984.32915922,4704431.71671634,94,Southwest Health Center (Ward 6),,https://unityhealthcare.org/find-a-center/,Washington,DC,,,,,,,,,,,,,,,,,,,,,,,,,,,,,,,,,,,,,,,,,,Men & Women,By Appointment,,2017/09/12 04:00:00+00,38.87953497,-77.01242625,,,398921.79,134633.56,Ward 6,Unity Health,850 DELAWARE AVENUE SW,20024,276851,HomelessServicePt_94,{14CCED67-743A-4F36-AC26-E8AB94D33D96},,,,
-8573628.40418627,4704358.07884048,95,Housing Resource Center,,http://dashdc.org/,Washington ,DC,,,,,,Yes,,,,,,Yes,,,,,,,Yes,,,,,,,,,,,,,,,,,,,,,,,Women,,,2017/09/12 04:00:00+00,38.87902002,-77.01821207,,,398419.75,134576.48,Ward 6,District Alliance for Safe Housing (DASH),400 I STREET SW,20024,150785,HomelessServicePt_95,{3E8FC90C-DFA2-4F44-8707-79A94340399F},,,,
-8573363.43152911,4704312.0247642,96,Southwest Library,,https://www.dclibrary.org/node/10400,Washington,DC,,,,,Yes,,,,Yes,,,,,,,,,,,Yes,,Yes,,,,,,,,,,,,,,,,,,Yes,,Men & Women,Yes,,2017/09/12 04:00:00+00,38.87869795,-77.01583178,,,398626.28,134540.69,Ward 6,DC Public Library,900 WESLEY PLACE SW,20024,295165,HomelessServicePt_96,{D3D909C0-BA24-45D4-9772-A148C84BCD5E},,,,
-8567769.08906349,4703966.38392703,97,Service Location,,https://contemporaryservices.net/programs-and-services/,Washington ,DC,,,,,,,,,,,,,,,,,,,,,,,,,,,,Yes,,,,,,,,,,,,,,Families,,,2017/09/12 04:00:00+00,38.87628078,-76.96557696,,,402986.98,134272.81,Ward 7,Contemporary Family Services,2918 MINNESOTA AVENUE SE,20019,287326,HomelessServicePt_97,{AB7C9B15-75F4-4280-931A-85F7EA9AE418},,,,
-8566941.89365847,4702877.21546745,98,Main Office,,https://contemporaryservices.net/programs-and-services/,Washington ,DC,,,,,,,,,,,,,,,,,,,,,,,,,,,,Yes,,,,,,,,,,,,,,Families,,,2017/09/12 04:00:00+00,38.86866337,-76.95814614,,,403632.16,133427.49,Ward 7,Contemporary Family Services,3300 PENNSYLVANIA AVENUE SE,20020,287806,HomelessServicePt_98,{20BAF213-E76E-4F49-8FA1-7CEBFD1E1696},,,,
-8569492.04682271,4702525.11324969,99,Southeast Center,,https://breadforthecity.org/,Washington ,DC,,,,,,Yes,,Yes,,,Yes,,Yes,,,,,,Yes,,,,Yes,,,,,,,,,,,Yes,,,,Yes,,,25,Men & Women,By Appointment,,2017/09/12 04:00:00+00,38.86620067,-76.98105455,,,401644.18,133153.45,Ward 8,Bread for the City,1640 GOOD HOPE ROAD SE,20020,286380,HomelessServicePt_99,{6A2916DC-E701-490F-B0E4-62F813D36C93},,,,
-8566029.35162306,4702513.75352373,100,Fort Davis Service Center,,https://dcdhs.dc.gov/node/117522,Washington ,DC,,,,,,,,,,,,,,,,,,,,,,,,,,,,,,,,,,Yes,,,,Yes,,,,Men & Women,,,2017/09/12 04:00:00+00,38.86612122,-76.94994864,,,404343.71,133145.65,Ward 7,Department of Human Services,3851 ALABAMA AVENUE SE,20020,278434,HomelessServicePt_100,{D985ADCC-67E0-4136-9D0B-3AA0643EF9F7},,,,
-8570468.52339681,4702485.36908639,101,Service Location,,https://contemporaryservices.net/programs-and-services/,Washington ,DC,,,,,,,,,,,,,,,,,,,,,,,,,,,,Yes,,,,,,,,,,,,,,Families,,,2017/09/12 04:00:00+00,38.86592269,-76.98982639,,,400882.92,133122.47,Ward 8,Contemporary Family Services,2041 MARTIN LUTHER KING JR AVENUE SE,20020,278056,HomelessServicePt_101,{B5C35E57-2783-42F2-B712-1C2F292C558E},,,,
-8569221.64948414,4702483.29817933,102,Anacostia Library,,https://www.dclibrary.org/node/10364,Washington,DC,,,,,Yes,,,,Yes,,,,,,,,,,,Yes,,Yes,,,,,,,,,,,,,,,,,,Yes,,Men & Women,Yes,,2017/09/12 04:00:00+00,38.8659082,-76.97862553,,,401854.99,133121.03,Ward 8,DC Public Library,1800 GOOD HOPE ROAD SE,20020,53560,HomelessServicePt_102,{759F3AFE-DE50-41B3-A7A3-EA5C9C757EF7},,,,
-8570029.80312249,4702474.47892737,103,The Next Step Program (SE DC Offices),,https://www.samaritanministry.org/program,Washington ,DC,,,,,,Yes,,Yes,Yes,,Yes,,,,,,,,Yes,,,,Yes,,,Yes,,,Yes,Yes,,,,Yes,,Yes,,Yes,,Yes,,Men & Women,Yes,,2017/09/12 04:00:00+00,38.86584652,-76.9858853,,,401224.95,133114.06,Ward 8,Samaritan Ministry of Greater Washington,1345 U STREET SE,20020,286088,HomelessServicePt_103,{F833DAA3-501A-4BEB-8235-300BD3E84D0B},,,,
-8570402.99837229,4702416.1091892,104,Anacostia Service Center,,https://dcdhs.dc.gov/node/117522,Washington ,DC,,,,,,,,,,,,,,,,,,,,,,,,,,,,,,,,,,Yes,,,,Yes,,,,Men & Women,,,2017/09/12 04:00:00+00,38.86543825,-76.98923777,,,400934.01,133068.7,Ward 8,Department of Human Services,2100 MARTIN LUTHER KING JR AVENUE SE,20020,51883,HomelessServicePt_104,{72CDC1C7-83D4-4B87-9742-95A58979DFD4},,,,
-8566502.74580769,4702335.09618943,105,Francis A. Gregory Library,,https://www.dclibrary.org/node/10376,Washington,DC,,,,,Yes,,,,Yes,,,,,,,,,,,,,Yes,,,,,,,,,,,,,,,,,,Yes,,Men & Women,Yes,,2017/09/12 04:00:00+00,38.8648716,-76.95420121,,,403974.72,133006.74,Ward 7,DC Public Library,3660 ALABAMA AVENUE SE,20020,290019,HomelessServicePt_105,{CD94358E-8205-43B1-B4D9-3591D9839EEA},,,,
-8570628.22745712,4702133.41030732,106,Max Robinson Center,,https://www.whitman-walker.org/location/max-robinson-center/,Washington,DC,,,,,,Yes,,,,Yes,,,,,,,Yes,,,,,,Yes,,Yes,,,Yes,,,,,,,,,,,,,,Men & Women,By Appointment,,2017/12/19 05:00:00+00,38.86346089,-76.99126103,Yes,,400758.44,132849.18,Ward 8,Whitman Walker Health,2301 MARTIN LUTHER KING JR AVENUE SE,20020,48991,HomelessServicePt_106,{98B028C1-3638-4EA2-97E3-54FA78A3659B},,,,
-8569771.44818632,4702081.76310062,107,Anacostia Health Center (Ward 8),,https://unityhealthcare.org/find-a-center/,Washington,DC,,,,,,,,,,,,,,,,,,,,,,,,,,,,,,,,,,,,,,,,,,Men & Women,By Appointment,,2017/09/12 04:00:00+00,38.86309964,-76.98356446,,,401426.42,132809.17,Ward 8,Unity Health,1500 GALEN STREET SE,20020,277592,HomelessServicePt_107,{CAE7CB3F-06F8-4893-B51C-49364F5E5CB5},,,,
-8570640.37918871,4702080.49191734,108,Social Services,,http://salvationarmynca.org/ways-we-help/families-in-need/,Washington ,DC,,,,,,,,,,,,,,,,,,,,,,,,,,,,,,,,,,,,,,,,,,Men & Women,,,2017/09/12 04:00:00+00,38.86309075,-76.99137019,,,400748.97,132808.09,Ward 8,The Salvation Army,2300 MARTIN LUTHER KING JR AVENUE SE,20020,307921,HomelessServicePt_108,{36E5114B-E7E7-4F63-9D64-2A7A3828FB39},,,,
-8570849.73821316,4701838.15726482,109,BBC Outreach Center,,http://washington.dc.networkofcare.org/mh/services/agency.aspx?pid=BethlehemBaptistChurchOutreachCenter_1347_2_0,Washington ,DC,,,,,,,,Yes,,,,,Yes,,,,,,,,,,,,,,,,Yes,,,,,,,,,,,,15,,Yes,,2017/09/12 04:00:00+00,38.86139567,-76.9932509,,,400585.76,132619.91,Ward 8,Bethlehem Baptist Outreach Center,2458 MARTIN LUTHER KING JR AVENUE SE,20020,287071,HomelessServicePt_109,{E8871806-52C3-4A98-926C-F6CBF4D45A31},,,,
-8568144.84171164,4701708.01148687,110,The Next Step Program (Skyland Workforce Center),,https://www.samaritanministry.org/program,Washington ,DC,,,,,,Yes,,Yes,Yes,,Yes,,,,,,,,Yes,,,,Yes,,,Yes,,,Yes,Yes,,,,Yes,,Yes,,Yes,,Yes,,Men & Women,Yes,,2017/09/12 04:00:00+00,38.86048531,-76.96895241,,,402694.68,132519.29,Ward 8,Samaritan Ministry of Greater Washington,2509 GOOD HOPE ROAD SE,20020,299792,HomelessServicePt_110,{AAB1C449-7565-4DA0-B0B0-B6F32BCD9B28},,,,
-8569446.45747248,4700104.50070062,111,Stanton Road Health Center (Ward 8),,https://unityhealthcare.org/find-a-center/,Washington,DC,,,,,,,,,,,,,,,,,,,,,,,,,,,,,,,,,,,,,,,,,,Men & Women,By Appointment,,2017/09/12 04:00:00+00,38.84926792,-76.98064502,,,401680.12,131273.8,Ward 8,Unity Health,3240 STANTON ROAD SE,20020,156534,HomelessServicePt_111,{0E68BDAB-DF60-485C-9AE1-57586F4B282B},,,,
-8569513.95052609,4699664.11172563,112,Parklands-Turner Library,,https://www.dclibrary.org/node/10394,Washington,DC,,,,,Yes,,,,Yes,,,,,,,,,,,,,Yes,,,,,,,,,,,,,,,,,,Yes,,Men & Women,Yes,,2017/09/12 04:00:00+00,38.84618686,-76.98125132,,,401627.56,130931.77,Ward 8,DC Public Library,1547 ALABAMA AVENUE SE,20032,304504,HomelessServicePt_112,{2DE284C4-BEE2-4C3C-ADD7-82D275F42B16},,,,
-8568732.58035995,4699293.82285945,113,Resource Center,,http://covenanthousedc.org/,Washington ,DC,,,,Yes,,Yes,,Yes,,,Yes,,,,,,,,Yes,,,,Yes,,,,Yes,,,,,,Yes,,,,,,,,,Youth,,,2017/09/12 04:00:00+00,38.84359614,-76.97423215,,,402236.97,130644.33,Ward 8,Covenant House,2001 MISSISSIPPI AVENUE SE,20020,295846,HomelessServicePt_113,{513464B0-F579-46F9-8FE9-985539E75CBD},,,,
-8572643.54146981,4697540.22985173,114,Bellevue Library,,https://www.dclibrary.org/node/10406,Washington,DC,,,,,Yes,,,,Yes,,,,,,,,,,,Yes,,Yes,,,,,,,,,,,,,,,,,,Yes,,Men & Women,Yes,,2017/09/12 04:00:00+00,38.83132585,-77.0093649,,,399186.87,129281.97,Ward 8,DC Public Library,115 ATLANTIC STREET SW,20032,302935,HomelessServicePt_114,{30D7F33B-B28A-4D40-87F6-19E08F7E889C},,,,
-8572508.20104458,4697348.90999148,115,Congress Heights Service Center,,https://dcdhs.dc.gov/node/117522,Washington ,DC,,,,,,,,,,,,,,,,,,,,,,,,,,,,,,,,,,Yes,,,,Yes,,,,Men & Women,,,2017/09/12 04:00:00+00,38.82998701,-77.00814912,,,399292.42,129133.34,Ward 8,Department of Human Services,4049 SOUTH CAPITOL STREET SW,20032,289187,HomelessServicePt_115,{A9A3CD7A-1D66-4669-B6CB-C03F753D0880},,,,
